{"cameraMode":{"drawMode":0,"name":"Shaded","section":"Shading Mode"},"sceneLighting":false,"audioPlay":false,"sceneViewState":{"m_AlwaysRefresh":false,"showFog":true,"showSkybox":false,"showFlares":true,"showImageEffects":true,"showParticleSystems":true,"showVisualEffectGraphs":true,"m_FxEnabled":true},"in2DMode":false,"pivot":{"x":-0.6480435132980347,"y":0.8558508157730103,"z":0.4694930911064148},"rotation":{"x":0.10029633343219757,"y":-0.8897247910499573,"z":0.2365073710680008,"w":0.37733399868011477},"size":1.513426423072815,"orthographic":false}